{
  "orders": "الطلبات",
  "dashboard": "لوحة التحكم",
  "pending": "قيد الانتظار",
  "processing": "قيد المعالجة",
  "shipped": "تم الشحن",
  "delivered": "تم التوصيل",
  "history": "السجل",
  "total": "الإجمالي",
  "refresh": "تحديث",
  "retry": "إعادة المحاولة",
  "no_orders": "لا توجد طلبات",
  "status_history": "سجل الحالة",
  "close": "إغلاق",
  "status": "الحالة",
  "filter_by_status": "تصفية حسب الحالة",
  "all": "الكل",
  "categories": "الفئات",
  "category_all": "الكل",
  "category_chairs": "الكراسي",
  "category_cupboards": "الخزانات",
  "category_tables": "الطاولات",
  "category_lamps": "المصابيح",
  "no_products_found": "لم يتم العثور على منتجات",
  "favorites": "المفضلة",
  "add_to_cart": "أضف إلى السلة",
  "remove_from_cart": "إزالة من السلة",
  "search_placeholder": "ابحث عن منتج...",
  "discover_the_best": "اكتشف الأفضل",
  "furniture": "الأثاث",
  "checkout": "الدفع",
  "enter_shipping_details": "أدخل تفاصيل الشحن",
  "full_name": "الاسم الكامل*",
  "phone_number": "رقم الهاتف*",
  "address": "العنوان*",
  "enter_full_name": "أدخل الاسم الكامل",
  "enter_address": "أدخل العنوان",
  "confirm_order": "تأكيد الطلب",
  "processing_order": "جارٍ المعالجة",
  "error": "خطأ",
  "user_not_logged_in": "المستخدم غير مسجل الدخول.",
  "missing_info": "معلومات ناقصة",
  "fill_required_fields": "يرجى ملء جميع الحقول المطلوبة.",
  "empty_cart": "السلة فارغة",
  "cart_is_empty": "سلتك فارغة.",
  "order_failed": "حدث خطأ أثناء تأكيد الطلب",
  "unnamed_product": "منتج بدون اسم",
  "tabs_home": "الرئيسية",
  "tabs_favorites": "المفضلة",
  "tabs_cart": "السلة",
  "tabs_orders": "طلباتي",
  "tabs_profile": "الملف الشخصي",
  "details_color": "اللون",
  "details_add_to_cart": "أضف إلى السلة",
  "cart_proceed_checkout": "المتابعة للدفع",
  "cart_total": "الإجمالي",
  "cart_items": "العناصر",
  
  "home": "الرئيسية",
  "product_details": "تفاصيل المنتج",
  "profile": "الملف الشخصي",
  "continue_shopping": "متابعة التسوق",
  "order_success_title": "تم تقديم طلبك بنجاح",
  "order_success_subtitle": "شكرًا لاختيارك لنا! يمكنك متابعة التسوق واستكشاف مجموعة منتجاتنا الواسعة. تسوق سعيد!",
   "orders_dashboard": "إدارة الطلبات",
  "category_all": "الكل",
  "category_chairs": "الكراسي",
  "category_cupboards": "الخزانات",
  "category_tables": "الطاولات",
  "category_lamps": "المصابيح",
  "hello": "مرحبًا",
  "user_type": "نوع المستخدم",
  "logout": "تسجيل الخروج",
    "no_user_logged_in": "لا يوجد مستخدم مسجل الدخول",
  "log_out": "تسجيل الخروج",
  "edit_profile": "تعديل الملف الشخصي",
  "change_photo_coming_soon": "تغيير الصورة (قريبًا)",
  "enter_new_username": "أدخل اسم المستخدم الجديد",
  "save_changes": "حفظ التغييرات",
  "saving": "جارٍ الحفظ",
  "cancel": "إلغاء",
  
  "welcome_back": "مرحبًا بعودتك",
  "email_or_username": "البريد الإلكتروني أو اسم المستخدم",
  "email_or_username_placeholder": "you@example.com أو jovy",
  "password": "كلمة المرور",
  "login": "تسجيل الدخول",
  "create_new_account": "إنشاء حساب جديد",
  "username_not_found": "اسم المستخدم غير موجود",
    "create_account": "إنشاء حساب",
  "username": "اسم المستخدم",
  "email": "البريد الإلكتروني",
  "password": "كلمة المرور",
  "confirm_password": "تأكيد كلمة المرور",
  "register": "تسجيل",
  "have_account_login": "هل لديك حساب؟ تسجيل الدخول",
  "username_already_taken": "اسم المستخدم مأخوذ، حاول آخر",
  "account_created": "تم إنشاء الحساب!",
  "letters_numbers_underscore_only": "أحرف، أرقام و _ فقط",
  "passwords_must_match": "كلمات المرور يجب أن تتطابق"


}
