{
  "orders": "Orders",
  "dashboard": "Dashboard",
  "pending": "Pending",
  "processing": "Processing",
  "shipped": "Shipped",
  "delivered": "Delivered",
  "history": "History",
  "total": "Total",
  "refresh": "Refresh",
  "retry": "Retry",
  "no_orders": "No orders",
  "status_history": "Status History",
  "close": "Close",
  "status": "Status",
  "filter_by_status": "Filter by status",
  "all": "All",
  "categories": "Categories",
  "category_all": "All",
  "category_chairs": "Chairs",
  "category_cupboards": "Cupboards",
  "category_tables": "Tables",
  "category_lamps": "Lamps",
  "no_products_found": "No products found",
  "favorites": "Favorites",
  "add_to_cart": "Add to Cart",
  "remove_from_cart": "Remove from Cart",
  "search_placeholder": "Search for a product...",
  "discover_the_best": "Discover the best",
  "furniture": "Furniture",
  "checkout": "Checkout",
  "enter_shipping_details": "Enter shipping details",
  "full_name": "Full Name*",
  "phone_number": "Phone Number*",
  "address": "Address*",
  "enter_full_name": "Enter full name",
  "enter_address": "Enter address",
  "confirm_order": "Confirm Order",
  "processing_order": "Processing",
  "error": "Error",
  "user_not_logged_in": "User not logged in.",
  "missing_info": "Missing information",
  "fill_required_fields": "Please fill all required fields.",
  "empty_cart": "Cart is empty",
  "cart_is_empty": "Your cart is empty.",
  "order_failed": "Error occurred while confirming order",
  "unnamed_product": "Unnamed product",
  "tabs_home": "Home",
  "tabs_favorites": "Favorites",
  "tabs_cart": "Cart",
  "tabs_orders": "My Orders",
  "tabs_profile": "Profile",
  "details_color": "Color",
  "details_add_to_cart": "Add to Cart",
  "cart_proceed_checkout": "Proceed to Checkout",
  "cart_total": "Total",
  "cart_items": "Items",
 "orders_dashboard": "Orders Dashboard",
  "home": "Home",
  "product_details": "Product Details",
  "profile": "Profile",
  "continue_shopping": "Continue Shopping",
  "order_success_title": "Your order has been placed successfully",
  "order_success_subtitle": "Thank you for choosing us! Feel free to continue shopping and explore our wide range of products. Happy Shopping!",
  "hello": "Hello",
  "user_type": "User type",
  "logout": "Logout",
  "category_all": "All",
  "category_chairs": "Chairs",
  "category_cupboards": "Cupboards",
  "category_tables": "Tables",
  "category_lamps": "Lamps",

  "welcome_back": "Welcome back",
  "email_or_username": "Email or Username",
  "email_or_username_placeholder": "you@example.com OR jovy",
  "password": "Password",
  "login": "Login",
  "create_new_account": "Create new account",
  "username_not_found": "Username not found",
"no_user_logged_in": "No user logged in",
  "log_out": "Log Out",
  "edit_profile": "Edit Profile",
  "change_photo_coming_soon": "Change photo (coming soon)",
  "enter_new_username": "Enter new username",
  "save_changes": "Save Changes",
  "saving": "Saving...",
  "cancel": "Cancel",
  "user": "User",
  "create_account": "Create account",
  "username": "Username",
  "email": "Email",
  "password": "Password",
  "confirm_password": "Confirm Password",
  "register": "Register",
  "have_account_login": "Have an account? Login",
  "username_already_taken": "Username already taken, try another one.",
  "account_created": "Account created!",
  "letters_numbers_underscore_only": "Letters, numbers, _ only",
  "passwords_must_match": "Passwords must match"

}
